year,trades,return,max_drawdown,win_rate
2026,3,6.743720000002007e-05,-0.02697731801083547,0.6666666666666666
