year,trades,return,max_drawdown,win_rate
2026,103,0.0017471717083019644,-0.10791432430024084,0.34951456310679613
