year,trades,return,max_drawdown,win_rate
2026,105,0.20623920070100188,-0.08779338708081297,0.4
