{
  "baseline_first_fit_counterfactual": {
    "avg_exposure": 0.38486986454356975,
    "cagr": 0.4480248594782499,
    "calmar": 5.103173193054362,
    "elapsed_seconds": 0.5558266000002732,
    "exposure": 0.38486986454356975,
    "fill_count": 226.0,
    "fills_economic_hash": "3d3e4cd0ba4c9f9e5f962eeaccf0f3a6ecacf8920f1b53721ff0cebffdbe7a9f",
    "kernel_run_hash": "4869145e08480f25dbf321f8e964a3df65a99e4faa16b2da76d1fcdee7fd001e",
    "max_drawdown": -0.08779338708081297,
    "max_exposure": 0.7462415874250796,
    "payoff_ratio": 2.1832454628191234,
    "policy": "FIRST_FIT_FROZEN",
    "prepared_context_hash": "ace066960d482e7963b6be31f2aa23d3f4555fb3cfdeda451cf3e7fbfb0b4fba",
    "profit_factor": 1.455496975212749,
    "seed": 0,
    "selected_count": 112,
    "selected_overlap_with_ranked": 0.3944954128440367,
    "selected_set_hash": "3292063095b510bc2d8ef2ccb2618a3291304901bb717a320dd63156198712b0",
    "sharpe": 1.9409467857923781,
    "total_return": 0.20623920070100157,
    "trade_count": 105.0,
    "trades_economic_hash": "cb61861b617a4a79dd932e372d167d1d363054a518364cf1784e2b52f4e6012f",
    "turnover": 26.522271215,
    "win_rate": 0.4
  },
  "baseline_ranked": {
    "avg_exposure": 0.38938961460685056,
    "cagr": 0.0034524196070693236,
    "calmar": 0.03199222744020479,
    "elapsed_seconds": 0.5799142999999276,
    "exposure": 0.38938961460685056,
    "fill_count": 222.0,
    "fills_economic_hash": "f537cc15a16722d5feefad0a7ca4a7f7e96a9cd5521fdb16a6a4049b0b420098",
    "kernel_run_hash": "819bd613eb432b684117e8d35738ed62323acb7f4856024cb896fc2c32ec5bfb",
    "max_drawdown": -0.10791432430024084,
    "max_exposure": 0.723754107978684,
    "payoff_ratio": 1.8703649517277756,
    "policy": "DETERMINISTIC_RANKED",
    "prepared_context_hash": "ace066960d482e7963b6be31f2aa23d3f4555fb3cfdeda451cf3e7fbfb0b4fba",
    "profit_factor": 1.0049722128686553,
    "seed": 0,
    "selected_count": 109,
    "selected_overlap_with_ranked": 1.0,
    "selected_set_hash": "8ceddae1552359805d3244d2c49baff35599cc84e46003605aa45ebfcf4be9a9",
    "sharpe": 0.11085704329771118,
    "total_return": 0.0017471717083012072,
    "trade_count": 103.0,
    "trades_economic_hash": "dc25d193167b8cdc1ed664ee4e67fd3e15325e73f23aaffef9db8e005b1a835e",
    "turnover": 22.80656497,
    "win_rate": 0.34951456310679613
  },
  "candidate_config_hash": "a3dfbba6052ac81ef58a3aa83dcf8f4a956bb258dfabaf6de94c6695f37d8c89",
  "capture_level": "SUMMARY",
  "checkpoint_every": 50,
  "eligible_universe_hash": "0b72f7119d6e98d1309d90f0dd75f599f5ed2aa82b73c9b1accde9a42fb51463",
  "end": "2026-07-09",
  "index_rows_hash": "7d2952c4280997df088b94b0cac6b057d35b19201ca4ea18ae1483ceec774a90",
  "max_positions": 5,
  "memory_backend": "psutil 7.2.2",
  "metric_mode": "CORE",
  "ordered_symbol_hash": "652ebc7a396f855514e3cdcec1c5b8b83bd5c486b0866e715a368df3f5585240",
  "peak_process_rss_mb": 6255.65625,
  "prepare_seconds": 684.8767011,
  "prepared_context_hash": "ace066960d482e7963b6be31f2aa23d3f4555fb3cfdeda451cf3e7fbfb0b4fba",
  "random_seed_count": 1000,
  "random_summary": {
    "avg_selected_overlap_with_ranked": 0.41875229357798166,
    "first_fit_total_return_one_sided_p_ge": 0.263,
    "first_fit_total_return_percentile": 0.737,
    "max_drawdown": {
      "max": -0.05096791618232266,
      "mean": -0.10395967963039954,
      "median": -0.10200945578346482,
      "min": -0.1810666511214294,
      "p05": -0.14914227736168661,
      "p95": -0.07048637899167731,
      "std": 0.023027724161015253
    },
    "ranked_total_return_one_sided_p_ge": 0.924,
    "ranked_total_return_percentile": 0.076,
    "seed_count": 1000,
    "sharpe": {
      "max": 4.355406450769088,
      "mean": 1.4645972710653163,
      "median": 1.4374866643120094,
      "min": -1.3704189695964766,
      "p05": -0.06028245644964859,
      "p95": 3.0949601224383687,
      "std": 0.9603710664748791
    },
    "total_return": {
      "max": 0.5744867840354018,
      "mean": 0.14348847622976243,
      "median": 0.1345138346792264,
      "min": -0.09286810179174887,
      "p05": -0.012173059359198693,
      "p95": 0.34383318451220135,
      "std": 0.10757383372299661
    },
    "trade_count": {
      "max": 121.0,
      "mean": 104.585,
      "median": 106.0,
      "min": 40.0,
      "p05": 98.0,
      "p95": 112.0,
      "std": 9.218067856118223
    },
    "unique_selected_sets": 1000,
    "unique_trade_sets": 1000
  },
  "sector_map_hash": "3662d9de0dd2d4faa803d5ff0e247d88f6bcdfbc88c3292353c21be009ef843e",
  "selection_universe": "full eligible dynamic universe loaded from frozen SQLite",
  "sqlite_sha256": "3f4fe7f4c4aefd2a6e6abca98ce9b9a4a081da5c2a62eba4e75feae8ffb7f943",
  "stage": "V5.2C Phase 4 execution-faithful Monte Carlo",
  "start": "2026-01-01",
  "store": "data\\gm_alpha\\chan520_alpha.sqlite",
  "strategy_mode": "strategy_v5_alpha_ranked",
  "symbol_count": 5247,
  "tie_seed_count": 500,
  "tie_summary": {
    "avg_selected_overlap_with_ranked": 0.8164954128440367,
    "first_fit_total_return_one_sided_p_ge": 0.0,
    "first_fit_total_return_percentile": 1.0,
    "max_drawdown": {
      "max": -0.08340098249944983,
      "mean": -0.10554988382865704,
      "median": -0.10265290514097947,
      "min": -0.17388211197444337,
      "p05": -0.13500654565884884,
      "p95": -0.08496427010682961,
      "std": 0.01587893969388715
    },
    "ranked_total_return_one_sided_p_ge": 0.758,
    "ranked_total_return_percentile": 0.242,
    "seed_count": 500,
    "sharpe": {
      "max": 2.103909037062945,
      "mean": 0.6975223613744352,
      "median": 0.7161106790876522,
      "min": -0.8025717604595902,
      "p05": -0.24816068281718678,
      "p95": 1.6222507668432047,
      "std": 0.6497752729786671
    },
    "total_return": {
      "max": 0.1814016388691012,
      "mean": 0.055558978964881864,
      "median": 0.0551401889627262,
      "min": -0.07255324435489889,
      "p05": -0.028320766045348805,
      "p95": 0.1407895870274012,
      "std": 0.05906687460483371
    },
    "trade_count": {
      "max": 109.0,
      "mean": 103.164,
      "median": 103.0,
      "min": 98.0,
      "p05": 100.0,
      "p95": 106.0,
      "std": 1.9341933719253614
    },
    "unique_selected_sets": 496,
    "unique_trade_sets": 498
  },
  "total_seconds": 1547.0427582000007,
  "working_set_peak_mb": 7107.85546875
}
